TestPlan information Reading from logfile: TEST_PLAN V1_3,Cmd,Status,CMD_TIME (second),Used time (second),Hot time (second),Temperature (Â°C),Hot times
"iBoot Version: iBoot-7459.100.363.101.2
Rtos Version: PeRtosFactoryTests_H13G-1.0.20
Rbm Version: SiValFactoryTests_H13G-100040"
,ECID,001605302ED1001E
1,syscfg print MLB#,Diags,,0.077,,,
2,rtc --set 20211112085937,Diags,,0.093,,,
3,syscfg print MLB#,Diags,,0.017,,,
4,cbwrite 2 incomplete A_2.31.4.4-M_2.1.0-S_0.3 --hex,Diags,,0.031,,,
5,cbread 0x02,Diags,,0.016,,,
6,cbread 0x02,Diags,,0.015,,,
7,syscfg list,Diags,,0.27,,,
8,soc -p,Diags,,0.616,,,
9,soc -p list-perf-state,Diags,,0.528,,,
10,boardid,Diags,,0.016,,,
11,pmu --readadc all --avg 100,Diags,,6.093,,,
12,syscfg print CFG#,Diags,,4.122,,,
13,reset,Diags,,19.651,,,
14,echo >>>> TEST_PLAN V1_3 <<<<,Rtos,6.2e-05,0.139,,,
15,buildinfo,Rtos,0.000333,0.047,,,
16,fuse ecid,Rtos,0.000244,0.031,,,
17,fuse config,Rtos,0.349323,0.724,,,
18,fuse raw,Rtos,0.875892,1.257,,,
19,fuse config crc-info,Rtos,0.002436,0.031,,,
20,mmu ddr-protect fs3,Rtos,7.6e-05,0.016,,,
21,pmgr vmode bin,Rtos,0.001946,0.031,,,
22,pmgr offset -s 3 +6250,Rtos,7.6e-05,0.016,,,
23,pmgr offset -s 4 +3125,Rtos,9.4e-05,0.016,,,
24,pmgr offset -s 5 +6250,Rtos,7.5e-05,0.015,,,
25,pmgr mode 0x2202233,Rtos,0.00051,0.031,,,
26,pmu rails,Rtos,0.005933,0.237,,,
27,pmgr ane on,Rtos,0.000218,0.016,,,
28,pmgr power-up isp,Rtos,2e-05,0.015,,,
29,core up acc,Rtos,0.006082,0.047,,,
30,ts init mtr,Rtos,0.058892,0.078,,,
31,ts rd,Rtos,0.003475,0.188,,,
32,pmgr mode 0x1100204,Rtos,0.001239,0.032,,,
33,sc run 53 10,Rtos,1.443911,1.472,,,
34,pmgr mode 0x2202234,Rtos,0.000361,0.047,,,
35,os jitter 10,Rtos,0.000326,0.015,,,
36,ts reset auto,Rtos,0.000155,0.032,,,
37,therm toohot 105 10 105 10 7 1,Rtos,0.000539,0.031,,,
38,therm sochot 125,Rtos,0.067233,0.187,,,
39,telem config mss,Rtos,1.4e-05,0.016,,,
40,telem test config 10 125 250,Rtos,1.4e-05,0.016,,,
41,telem test enable,Rtos,0.000137,0.016,,,
42,acc dpeppt on,Rtos,0.001258,0.015,,,
43,ut all on,Rtos,2e-05,0.015,,,
44,oclamon adc config -e -p -c 7 -m -peak_min,Rtos,0.000679,0.063,,,
45,oclamon adc on,Rtos,1.4e-05,0.016,,,
46,oclamon teldvfm on,Rtos,1.4e-05,0.015,,,
47,oclamon scenario_tags on,Rtos,1.4e-05,0.016,,,
48,acc nrg on,Rtos,1.3e-05,0.016,,,
49,pmu rails,Rtos,0.006609,0.237,,,
50,pmgr mode 0x2202236,Rtos,0.000311,0.032,,,
51,ddr print info,Rtos,0.120966,0.501,,,
52,ddr print lotid,Rtos,0.016541,0.062,,,
53,sc run 54,Rtos,0.016211,0.142,,,
54,pmgr mode 0x2202234,Rtos,0.000342,0.032,,,
55,core test 0xff 50,Rtos,1.226567,1.248,,,
56,sc run 5 5,Rtos,0.003371,0.141,,,
57,echo >>>> ANE + BBQ Tests <<<<,Rtos,0.000106,0.032,,,
58,bbq config fg 625 0 4 150  0 0 E B,Rtos,0.000134,0.031,,,
59,bbq config 0xFF 500 150 5 100 24 6 E B,Rtos,0.003859,0.078,,,
60,bbq on,Rtos,1.3e-05,0.015,,,
61,echo >>>> 1P below 85C <<<<,Rtos,9.5e-05,0.016,,,
62,therm pid cc1 pcore init -skip=0_2_3_4_5_6_7_8_9_10_11_12_13_14,Rtos,0.000556,0.031,,,
63,therm pid cc1 pcore weights MAX 0 0 0 1 1 1 1 1 1 1 0 0 0 0 0 0 0 0 0,Rtos,6.1e-05,0.032,,,
64,therm pid sp 75,Rtos,5.9e-05,0.015,,,
65,therm pid cc1 pcore enable,Rtos,0.000176,0.016,,,
66,pmgr mode 0xf502255,Rtos,0.000299,0.032,,,
67,sc run 6 5 -coredown 0x70,Rtos,2.517062,2.619,,,
68,sc run 7 5 -coredown 0x70,Rtos,15.709262,15.822,,,
69,sc run 13 10 -coredown 0x70,Rtos,0.243412,0.358,,,
70,sc run 19 5 -coredown 0x70,Rtos,0.047865,0.19,,,
71,sc run 499 5 -coredown 0x70,Rtos,2.518963,2.634,,,
72,sc run 6 5 -coredown 0xE0,Rtos,2.517289,2.632,,,
73,sc run 7 5 -coredown 0xE0,Rtos,14.752919,14.872,,,
74,sc run 13 10 -coredown 0xE0,Rtos,0.253333,0.375,,,
75,sc run 19 5 -coredown 0xE0,Rtos,0.048359,0.189,,,
76,sc run 499 5 -coredown 0xE0,Rtos,2.519176,2.637,,,
77,sc run 6 5 -coredown 0xB0,Rtos,2.517123,2.633,,,
78,sc run 7 5 -coredown 0xB0,Rtos,15.746667,15.856,,,
79,sc run 13 10 -coredown 0xB0,Rtos,0.246475,0.36,,,
80,sc run 19 5 -coredown 0xB0,Rtos,0.04794,0.19,,,
81,sc run 499 5 -coredown 0xB0,Rtos,2.518941,2.636,,,
82,sc run 6 5 -coredown 0xD0,Rtos,2.517084,2.633,,,
83,sc run 7 5 -coredown 0xD0,Rtos,15.668384,15.78,,,
84,sc run 13 10 -coredown 0xD0,Rtos,0.243692,0.36,,,
85,sc run 19 5 -coredown 0xD0,Rtos,0.048401,0.188,,,
86,sc run 499 5 -coredown 0xD0,Rtos,2.518923,2.637,,,
87,therm pid cc1 pcore disable,Rtos,0.000278,0.031,,,
88,echo >>>> 1P <<<<,Rtos,4.9e-05,0.016,,,
89,pmgr mode 0xe502255,Rtos,9.9e-05,0.031,,,
90,therm toohot 105 10 105 10 7 1,Rtos,0.000279,0.047,,,
91,sc run 6 5 -coredown 0x70,Rtos,2.517625,2.617,,,
92,sc run 7 5 -coredown 0x70,Rtos,16.033282,16.148,,,
93,sc run 13 10 -coredown 0x70,Rtos,0.240013,0.36,,,
94,sc run 19 5 -coredown 0x70,Rtos,0.048618,0.19,,,
95,sc run 499 5 -coredown 0x70,Rtos,2.519084,2.637,,,
96,sc run 6 5 -coredown 0xE0,Rtos,2.517237,2.633,,,
97,sc run 7 5 -coredown 0xE0,Rtos,15.078899,15.194,,,
98,sc run 13 10 -coredown 0xE0,Rtos,0.239622,0.359,,,
99,sc run 19 5 -coredown 0xE0,Rtos,0.048983,0.19,,,
100,sc run 499 5 -coredown 0xE0,Rtos,2.519384,2.635,,,
101,sc run 6 5 -coredown 0xB0,Rtos,2.517333,2.634,,,
102,sc run 7 5 -coredown 0xB0,Rtos,16.07487,16.194,,,
103,sc run 13 10 -coredown 0xB0,Rtos,0.246642,0.36,,,
104,sc run 19 5 -coredown 0xB0,Rtos,0.048658,0.175,,,
105,sc run 499 5 -coredown 0xB0,Rtos,2.519043,2.636,,,
106,sc run 6 5 -coredown 0xD0,Rtos,2.51863,2.633,,,
107,sc run 7 5 -coredown 0xD0,Rtos,16.002529,16.119,,,
108,sc run 13 10 -coredown 0xD0,Rtos,0.243076,0.359,,,
109,sc run 19 5 -coredown 0xD0,Rtos,0.049008,0.189,,,
110,sc run 499 5 -coredown 0xD0,Rtos,2.519102,2.635,,,
111,echo >>>> 2P <<<<,Rtos,5e-05,0.032,,,
112,pmgr mode 0xd502255,Rtos,9.8e-05,0.031,,,
113,sc run 6 5 -coredown 0x30,Rtos,2.517746,2.619,,,
114,sc run 7 5 -coredown 0x30,Rtos,8.327267,8.439,,,
115,sc run 13 10 -coredown 0x30,Rtos,0.234267,0.358,,,
116,sc run 19 5 -coredown 0x30,Rtos,0.049476,0.174,,,
117,sc run 499 5 -coredown 0x30,Rtos,2.525271,2.636,,,
118,sc run 6 5 -coredown 0xC0,Rtos,2.516869,2.636,,,
119,sc run 7 5 -coredown 0xC0,Rtos,8.193205,8.314,,,
120,sc run 13 10 -coredown 0xC0,Rtos,0.246086,0.359,,,
121,sc run 19 5 -coredown 0xC0,Rtos,0.049382,0.174,,,
122,sc run 499 5 -coredown 0xC0,Rtos,2.525034,2.637,,,
123,sc run 6 5 -coredown 0x90,Rtos,2.516986,2.638,,,
124,sc run 7 5 -coredown 0x90,Rtos,8.298325,8.419,,,
125,sc run 13 10 -coredown 0x90,Rtos,0.233582,0.358,,,
126,sc run 19 5 -coredown 0x90,Rtos,0.049545,0.175,,,
127,sc run 499 5 -coredown 0x90,Rtos,2.525401,2.635,,,
128,sc run 6 5 -coredown 0x60,Rtos,2.518134,2.637,,,
129,sc run 7 5 -coredown 0x60,Rtos,8.256998,8.378,,,
130,sc run 13 10 -coredown 0x60,Rtos,0.238584,0.359,,,
131,sc run 19 5 -coredown 0x60,Rtos,0.049121,0.176,,,
132,sc run 499 5 -coredown 0x60,Rtos,2.524743,2.638,,,
133,echo >>>> 4P 1P+ANE  1P+AMX <<<<,Rtos,6.1e-05,0.032,,,
134,pmgr mode 0xc502255,Rtos,9.9e-05,0.031,,,
135,sc run 6 5,Rtos,2.516858,2.624,,,
136,sc run 7 5,Rtos,4.432923,4.543,,,
137,sc run 13 10,Rtos,0.241006,0.358,,,
138,sc run 19 5,Rtos,0.047904,0.158,,,
139,sc run 27 5,Rtos,0.032755,0.156,,,
140,sc run 499 5,Rtos,2.531445,2.651,,,
141,sc run 172 5 -coredown 0xE0,Rtos,1.826742,1.928,,,
142,sc run 182 5 -coredown 0xE0,Rtos,2.025217,2.128,,,
143,sc run 172 5 -coredown 0xD0,Rtos,1.826505,1.928,,,
144,sc run 182 5 -coredown 0xD0,Rtos,2.029086,2.14,,,
145,sc run 172 5 -coredown 0xB0,Rtos,1.826786,1.93,,,
146,sc run 182 5 -coredown 0xB0,Rtos,2.028032,2.142,,,
147,sc run 172 5 -coredown 0x70,Rtos,1.826665,1.928,,,
148,sc run 182 5 -coredown 0x70,Rtos,2.026029,2.126,,,
149,echo >>>> 4P 3P+ANE  3P+AMX  2P+AMX+ANE <<<<,Rtos,6.7e-05,0.032,,,
150,pmgr mode 0xb502255,Rtos,0.000118,0.031,,,
151,sc run 6 5,Rtos,2.517102,2.621,,,
152,sc run 7 5,Rtos,4.765868,4.882,,,
153,sc run 13 10,Rtos,0.237585,0.345,,,
154,sc run 19 5,Rtos,0.049636,0.157,,,
155,sc run 27 5,Rtos,0.032552,0.156,,,
156,sc run 499 5,Rtos,2.532322,2.651,,,
157,sc run 172 5 -coredown 0x10,Rtos,1.934497,2.037,,,
158,sc run 182 5 -coredown 0x10,Rtos,2.145782,2.252,,,
159,sc run 172 5 -coredown 0x20,Rtos,1.934508,2.037,,,
160,sc run 182 5 -coredown 0x20,Rtos,2.146547,2.267,,,
161,sc run 172 5 -coredown 0x40,Rtos,1.934394,2.052,,,
162,sc run 182 5 -coredown 0x40,Rtos,2.14343,2.252,,,
163,sc run 172 5 -coredown 0x80,Rtos,1.934418,2.037,,,
164,sc run 182 5 -coredown 0x80,Rtos,2.146122,2.252,,,
165,sc run 173 5 -coredown 0x30,Rtos,1.910551,2.022,,,
166,sc run 184 5 -coredown 0x30,Rtos,1.737454,1.851,,,
167,sc run 173 5 -coredown 0x60,Rtos,1.894641,2.005,,,
168,sc run 184 5 -coredown 0x60,Rtos,1.721283,1.834,,,
169,sc run 173 5 -coredown 0x90,Rtos,1.910486,2.023,,,
170,sc run 184 5 -coredown 0x90,Rtos,1.71809,1.834,,,
171,sc run 173 5 -coredown 0xC0,Rtos,1.895098,2.003,,,
172,sc run 184 5 -coredown 0xC0,Rtos,1.716165,1.822,,,
173,echo >>>> 4P 3P+ANE  4P+AMX  2P+AMX+ANE <<<<,Rtos,6.7e-05,0.032,,,
174,pmgr mode 0xa502255,Rtos,0.000115,0.031,,,
175,sc run 6 5,Rtos,2.517731,2.619,,,
176,sc run 7 5,Rtos,5.077732,5.19,,,
177,sc run 13 10,Rtos,0.243271,0.358,,,
178,sc run 19 5,Rtos,0.052234,0.158,,,
179,sc run 27 5,Rtos,0.032505,0.156,,,
180,sc run 499 5,Rtos,2.533127,2.651,,,
181,sc run 172 5 -coredown 0x10,Rtos,1.988718,2.098,,,
182,sc run 182 5 -coredown 0x10,Rtos,2.198679,2.313,,,
183,sc run 172 5 -coredown 0x20,Rtos,1.989557,2.097,,,
184,sc run 182 5 -coredown 0x20,Rtos,2.19572,2.297,,,
185,sc run 172 5 -coredown 0x40,Rtos,1.989214,2.099,,,
186,sc run 182 5 -coredown 0x40,Rtos,2.196066,2.299,,,
187,sc run 172 5 -coredown 0x80,Rtos,1.989007,2.097,,,
188,sc run 182 5 -coredown 0x80,Rtos,2.198426,2.314,,,
189,sc run 173 5 -coredown 0x30,Rtos,1.961586,2.066,,,
190,sc run 184 5 -coredown 0x30,Rtos,1.743545,1.853,,,
191,sc run 173 5 -coredown 0x60,Rtos,1.94458,2.05,,,
192,sc run 184 5 -coredown 0x60,Rtos,1.739346,1.852,,,
193,sc run 173 5 -coredown 0x90,Rtos,1.962042,2.067,,,
194,sc run 184 5 -coredown 0x90,Rtos,1.728316,1.834,,,
195,sc run 173 5 -coredown 0xC0,Rtos,1.943938,2.05,,,
196,sc run 184 5 -coredown 0xC0,Rtos,1.732382,1.836,,,
197,pmgr mode 0x9502255,Rtos,0.000115,0.047,,,
198,sc run 6 5,Rtos,2.519328,2.633,,,
199,sc run 7 5,Rtos,5.477688,5.592,,,
200,sc run 13 10,Rtos,0.267448,0.375,,,
201,sc run 19 5,Rtos,0.054448,0.172,,,
202,sc run 27 5,Rtos,0.032519,0.157,,,
203,sc run 172 5,Rtos,2.113035,2.22,,,
204,sc run 182 5,Rtos,2.307065,2.42,,,
205,sc run 499 5,Rtos,2.53489,2.652,,,
206,sc run 173 5 -coredown 0x10,Rtos,2.071092,2.176,,,
207,sc run 184 5 -coredown 0x10,Rtos,1.768981,1.883,,,
208,sc run 173 5 -coredown 0x20,Rtos,2.043732,2.144,,,
209,sc run 184 5 -coredown 0x20,Rtos,1.762733,1.866,,,
210,sc run 173 5 -coredown 0x40,Rtos,2.04349,2.158,,,
211,sc run 184 5 -coredown 0x40,Rtos,1.77161,1.881,,,
212,sc run 173 5 -coredown 0x80,Rtos,2.04357,2.158,,,
213,sc run 184 5 -coredown 0x80,Rtos,1.771165,1.882,,,
214,pmgr mode 0x8502255,Rtos,0.000115,0.031,,,
215,sc run 6 5,Rtos,2.519554,2.619,,,
216,sc run 7 5,Rtos,6.137097,6.255,,,
217,sc run 13 10,Rtos,0.295154,0.405,,,
218,sc run 19 5,Rtos,0.056964,0.173,,,
219,sc run 27 5,Rtos,0.035239,0.157,,,
220,sc run 172 5,Rtos,2.217751,2.327,,,
221,sc run 173 5,Rtos,2.175318,2.28,,,
222,sc run 182 5,Rtos,2.398047,2.497,,,
223,sc run 184 5,Rtos,1.827218,1.929,,,
224,sc run 499 5,Rtos,2.536938,2.649,,,
225,pmgr mode 0x7502255,Rtos,0.000114,0.031,,,
226,sc run 6 5,Rtos,2.520626,2.621,,,
227,sc run 7 5,Rtos,6.873072,6.992,,,
228,sc run 13 10,Rtos,0.340848,0.452,,,
229,sc run 19 5,Rtos,0.060234,0.172,,,
230,sc run 27 5,Rtos,0.038439,0.157,,,
231,sc run 172 5,Rtos,2.362106,2.466,,,
232,sc run 173 5,Rtos,2.314763,2.419,,,
233,sc run 182 5,Rtos,2.523494,2.635,,,
234,sc run 184 5,Rtos,1.882467,1.991,,,
235,sc run 499 5,Rtos,2.539679,2.649,,,
236,pmgr mode 0x6502245,Rtos,0.00017,0.047,,,
237,sc run 6 5,Rtos,2.524031,2.637,,,
238,sc run 7 5,Rtos,7.937199,8.055,,,
239,sc run 13 10,Rtos,0.373059,0.481,,,
240,sc run 19 5,Rtos,0.06534,0.173,,,
241,sc run 27 5,Rtos,0.044542,0.157,,,
242,sc run 172 5,Rtos,2.81214,2.911,,,
243,sc run 173 5,Rtos,2.751683,2.865,,,
244,sc run 182 5,Rtos,2.989951,3.098,,,
245,sc run 184 5,Rtos,2.275834,2.389,,,
246,sc run 499 5,Rtos,2.544434,2.667,,,
247,pmgr mode 0x5502245,Rtos,0.000119,0.032,,,
248,sc run 6 5,Rtos,2.525951,2.634,,,
249,sc run 7 5,Rtos,9.212371,9.33,,,
250,sc run 13 10,Rtos,0.436356,0.545,,,
251,sc run 19 5,Rtos,0.071838,0.189,,,
252,sc run 27 5,Rtos,0.050174,0.158,,,
253,sc run 172 5,Rtos,3.055095,3.159,,,
254,sc run 173 5,Rtos,2.977592,3.083,,,
255,sc run 182 5,Rtos,3.199387,3.312,,,
256,sc run 184 5,Rtos,2.389011,2.494,,,
257,sc run 499 5,Rtos,2.548591,2.666,,,
258,pmgr mode 0x4402245,Rtos,0.000155,0.032,,,
259,sc run 6 5,Rtos,2.529651,2.632,,,
260,sc run 7 5,Rtos,10.73803,10.855,,,
261,sc run 13 10,Rtos,0.515961,0.635,,,
262,sc run 19 5,Rtos,0.07546,0.188,,,
263,sc run 27 5,Rtos,0.057705,0.172,,,
264,sc run 172 5,Rtos,3.444526,3.544,,,
265,sc run 173 5,Rtos,3.358048,3.467,,,
266,sc run 182 5,Rtos,3.58216,3.684,,,
267,sc run 184 5,Rtos,2.650707,2.757,,,
268,sc run 499 5,Rtos,2.556036,2.665,,,
269,pmgr mode 0x3302234,Rtos,0.000281,0.032,,,
270,sc run 6 5,Rtos,2.536476,2.635,,,
271,sc run 7 5,Rtos,13.425862,13.536,,,
272,sc run 13 10,Rtos,0.646138,0.758,,,
273,sc run 19 5,Rtos,0.086455,0.204,,,
274,sc run 27 5,Rtos,0.072573,0.188,,,
275,sc run 172 5,Rtos,4.318645,4.422,,,
276,sc run 173 5,Rtos,4.23487,4.344,,,
277,sc run 182 5,Rtos,4.560581,4.684,,,
278,sc run 184 5,Rtos,3.444569,3.557,,,
279,sc run 499 5,Rtos,2.571098,2.678,,,
280,pmgr mode 0x2202234,Rtos,0.000208,0.032,,,
281,sc run 6 5,Rtos,2.54677,2.648,,,
282,sc run 7 5,Rtos,18.433579,18.547,,,
283,sc run 13 10,Rtos,0.903113,1.02,,,
284,sc run 19 5,Rtos,0.10242,0.218,,,
285,sc run 27 5,Rtos,0.096967,0.205,,,
286,sc run 100 5,Rtos,5.824064,5.927,,,
287,sc run 172 5,Rtos,5.137773,5.236,,,
288,sc run 173 5,Rtos,5.047326,5.16,,,
289,sc run 182 5,Rtos,5.50276,5.602,,,
290,sc run 184 5,Rtos,4.125474,4.235,,,
291,sc run 499 5,Rtos,2.589658,2.694,,,
292,pmgr mode 0x1102234,Rtos,0.000267,0.032,,,
293,sc run 6 5,Rtos,2.567738,2.679,,,
294,sc run 7 5,Rtos,26.966409,27.151,,,
295,sc run 13 10,Rtos,1.342596,1.449,,,
296,sc run 19 5,Rtos,0.131761,0.251,,,
297,sc run 27 5,Rtos,0.138297,0.249,,,
298,sc run 100 5,Rtos,8.128292,8.239,,,
299,sc run 172 5,Rtos,6.708359,6.82,,,
300,sc run 173 5,Rtos,6.609323,6.711,,,
301,sc run 182 5,Rtos,7.383599,7.482,,,
302,sc run 184 5,Rtos,5.558829,5.668,,,
303,sc run 499 5,Rtos,2.626096,2.741,,,
304,bbq off,Rtos,1.8e-05,0.031,,,
305,echo >>>> DRAM Tests <<<<,Rtos,0.000121,0.016,,,
306,pmgr mode 0xb502256,Rtos,0.000444,0.015,,,
307,ddr trefi soc,Rtos,6.9e-05,0.032,,,
308,ddr dcspg on,Rtos,8.4e-05,0.015,,,
309,mem cof 20,Rtos,0.000101,0.016,,,
310,switcher pattern ramp 2000000 -alt=10000 -jitter=1000 -clk:d=6_4_5_4_6_5 -cpu=2 -on,Rtos,0.000228,0.047,,,
311,mem vrb 2,Rtos,7e-05,0.016,,,
312,sc run 674,Rtos,114.063786,114.149,,,
313,sc run 760,Rtos,819.898026,820.017,,,
314,sc run 700,Rtos,1062.938973,1063.051,,,
315,switcher off -reset,Rtos,1.3e-05,0.031,,,
316,sc run 63,Rtos,38.457968,38.564,,,
317,sc run 58,Rtos,4.480124,4.589,,,
318,mem vrb 1,Rtos,7.1e-05,0.031,,,
319,mem cof 0,Rtos,0.000103,0.016,,,
320,ddr dcspg off,Rtos,0.000114,0.015,,,
321,sc run 62 5,Rtos,105.04581,105.132,,,
322,ddr margin test 0x363 15,Rtos,1.809551,1.91,,,
323,ddr vref test 0x363 4 4 4 4,Rtos,1.765867,1.851,,,
324,pmgr mode 0x6502245,Rtos,0.000255,0.032,,,
325,ddr vref test 0x363 4 4 4 4,Rtos,2.469093,2.558,,,
326,ddr dcspg on,Rtos,9.1e-05,0.016,,,
327,ut all status show,Rtos,0.000452,0.063,,,
328,pmgr mode 0xc502236,Rtos,0.000231,0.031,,,
329,xfer con,Rtos,,0.25,,,
330,pmgr mode 0xc502236,Rtos,0.000116,0.046,,,
331,core up acc,Rtos,0.001115,0.048,,,
332,acc dpeppt reconfig,Rtos,0.000967,0.031,,,
333,mmu ddr-protect fs3,Rtos,7.6e-05,0.016,,,
334,fs mount ddr,Rtos,2.897367,2.909,,,
335,echo >>>> ANE Tests <<<<,Rtos,6.3e-05,0.016,,,
336,bbq config fg 625 0 4 150  0 0 E B,Rtos,8.8e-05,0.032,,,
337,echo >>>> uRBM + ANE <<<<,Rtos,6.4e-05,0.015,,,
338,pmgr mode 0xc202256,Rtos,0.000241,0.032,,,
339,sc run 179 5 -coredown 0x70,Rtos,8.675148,8.772,,,
340,sc run 179 5 -coredown 0xE0,Rtos,8.675867,8.788,,,
341,sc run 179 5 -coredown 0xB0,Rtos,8.683464,8.789,,,
342,sc run 179 5 -coredown 0xD0,Rtos,8.675766,8.79,,,
343,pmgr mode 0xb202256,Rtos,0.000125,0.031,,,
344,sc run 179 5 -coredown 0x10,Rtos,9.021317,9.128,,,
345,sc run 179 5 -coredown 0x20,Rtos,9.012848,9.125,,,
346,sc run 179 5 -coredown 0x40,Rtos,9.038612,9.144,,,
347,sc run 179 5 -coredown 0x80,Rtos,9.032518,9.143,,,
348,sc run 179 5 -coredown 0xf0,Rtos,8.898337,9.006,,,
349,pmgr mode 0xa202256,Rtos,0.000121,0.031,,,
350,sc run 179 5 -coredown 0x10,Rtos,9.183206,9.283,,,
351,sc run 179 5 -coredown 0x20,Rtos,9.178929,9.284,,,
352,sc run 179 5 -coredown 0x40,Rtos,9.170844,9.282,,,
353,sc run 179 5 -coredown 0x80,Rtos,9.189663,9.299,,,
354,sc run 179 5 -coredown 0xf0,Rtos,9.050581,9.161,,,
355,pmgr mode 0x9202256,Rtos,0.000133,0.031,,,
356,sc run 179 5,Rtos,9.439519,9.545,,,
357,sc run 179 5 -coredown 0xf0,Rtos,9.169946,9.282,,,
358,pmgr mode 0x8202256,Rtos,0.000124,0.031,,,
359,sc run 179 5,Rtos,9.607742,9.699,,,
360,sc run 179 5 -coredown 0xf0,Rtos,9.369141,9.469,,,
361,pmgr mode 0x7202256,Rtos,0.000128,0.031,,,
362,sc run 179 5,Rtos,10.16576,10.267,,,
363,pmgr mode 0x6202246,Rtos,0.000235,0.031,,,
364,sc run 179 5,Rtos,10.70258,10.806,,,
365,pmgr mode 0x5202246,Rtos,0.00014,0.032,,,
366,sc run 179 5,Rtos,11.191284,11.283,,,
367,pmgr mode 0x4202246,Rtos,0.000142,0.031,,,
368,sc run 179 5,Rtos,11.643206,11.8,,,
369,pmgr mode 0x3202246,Rtos,0.000156,0.032,,,
370,sc run 179 5,Rtos,12.493882,12.59,,,
371,pmgr mode 0x2202246,Rtos,0.000189,0.032,,,
372,sc run 179 5,Rtos,13.943248,14.038,,,
373,pmgr mode 0x1202246,Rtos,0.000218,0.031,,,
374,sc run 179 5,Rtos,16.059737,16.163,,,
375,echo >>>> uRBM + ANE Tests <<<<,Rtos,0.000134,0.032,,,
376,pmgr mode 0xc502255,Rtos,0.000344,0.031,,,
377,sc run 186 5 -coredown 0xE0,Rtos,2.021982,2.129,,,
378,sc run 405 5 -coredown 0xE0,Rtos,5.068671,5.176,,,
379,sc run 408 5 -coredown 0xE0,Rtos,5.043143,5.146,,,
380,sc run 415 5 -coredown 0xE0,Rtos,5.042113,5.146,,,
381,sc run 441 5 -coredown 0xE0,Rtos,5.053464,5.159,,,
382,sc run 186 5 -coredown 0xD0,Rtos,2.018134,2.129,,,
383,sc run 405 5 -coredown 0xD0,Rtos,5.069798,5.176,,,
384,sc run 408 5 -coredown 0xD0,Rtos,5.079475,5.192,,,
385,sc run 415 5 -coredown 0xD0,Rtos,5.042785,5.161,,,
386,sc run 441 5 -coredown 0xD0,Rtos,5.060871,5.175,,,
387,sc run 186 5 -coredown 0xB0,Rtos,2.015539,2.127,,,
388,sc run 405 5 -coredown 0xB0,Rtos,5.057927,5.161,,,
389,sc run 408 5 -coredown 0xB0,Rtos,5.070896,5.177,,,
390,sc run 415 5 -coredown 0xB0,Rtos,5.034959,5.144,,,
391,sc run 441 5 -coredown 0xB0,Rtos,5.06022,5.175,,,
392,sc run 186 5 -coredown 0x70,Rtos,2.020439,2.128,,,
393,sc run 405 5 -coredown 0x70,Rtos,5.055388,5.16,,,
394,sc run 408 5 -coredown 0x70,Rtos,5.093913,5.206,,,
395,sc run 415 5 -coredown 0x70,Rtos,5.035338,5.146,,,
396,sc run 441 5 -coredown 0x70,Rtos,5.061961,5.176,,,
397,pmgr mode 0xb502255,Rtos,0.000104,0.031,,,
398,sc run 186 5 -coredown 0x10,Rtos,2.027535,2.127,,,
399,sc run 188 5 -coredown 0x10,Rtos,5.065616,5.176,,,
400,sc run 191 5 -coredown 0x10,Rtos,5.037938,5.145,,,
401,sc run 401 5 -coredown 0x10,Rtos,5.042446,5.144,,,
402,sc run 403 5 -coredown 0x10,Rtos,5.073682,5.191,,,
403,sc run 186 5 -coredown 0x20,Rtos,2.024443,2.127,,,
404,sc run 188 5 -coredown 0x20,Rtos,5.086064,5.192,,,
405,sc run 191 5 -coredown 0x20,Rtos,5.034389,5.145,,,
406,sc run 401 5 -coredown 0x20,Rtos,5.045597,5.161,,,
407,sc run 403 5 -coredown 0x20,Rtos,5.086449,5.188,,,
408,sc run 186 5 -coredown 0x40,Rtos,2.025046,2.129,,,
409,sc run 188 5 -coredown 0x40,Rtos,5.067132,5.176,,,
410,sc run 191 5 -coredown 0x40,Rtos,5.039447,5.143,,,
411,sc run 401 5 -coredown 0x40,Rtos,5.047137,5.159,,,
412,sc run 403 5 -coredown 0x40,Rtos,5.100444,5.205,,,
413,sc run 186 5 -coredown 0x80,Rtos,2.028347,2.142,,,
414,sc run 188 5 -coredown 0x80,Rtos,5.04718,5.16,,,
415,sc run 191 5 -coredown 0x80,Rtos,5.037502,5.146,,,
416,sc run 401 5 -coredown 0x80,Rtos,5.038877,5.145,,,
417,sc run 403 5 -coredown 0x80,Rtos,5.09716,5.208,,,
418,sc run 187 5 -coredown 0x30,Rtos,5.055589,5.159,,,
419,sc run 187 5 -coredown 0xc0,Rtos,5.040732,5.144,,,
420,sc run 187 5 -coredown 0x90,Rtos,5.053599,5.159,,,
421,sc run 187 5 -coredown 0x60,Rtos,5.05109,5.159,,,
422,pmgr mode 0xa502255,Rtos,0.000102,0.047,,,
423,sc run 186 5 -coredown 0x10,Rtos,2.029693,2.127,,,
424,sc run 188 5 -coredown 0x10,Rtos,5.062423,5.176,,,
425,sc run 191 5 -coredown 0x10,Rtos,5.035229,5.145,,,
426,sc run 401 5 -coredown 0x10,Rtos,5.048232,5.162,,,
427,sc run 403 5 -coredown 0x10,Rtos,5.070631,5.176,,,
428,sc run 186 5 -coredown 0x20,Rtos,2.02672,2.127,,,
429,sc run 188 5 -coredown 0x20,Rtos,5.084982,5.192,,,
430,sc run 191 5 -coredown 0x20,Rtos,5.035173,5.144,,,
431,sc run 401 5 -coredown 0x20,Rtos,5.043458,5.164,,,
432,sc run 403 5 -coredown 0x20,Rtos,5.107067,5.225,,,
433,sc run 186 5 -coredown 0x40,Rtos,2.026475,2.142,,,
434,sc run 188 5 -coredown 0x40,Rtos,5.070509,5.179,,,
435,sc run 191 5 -coredown 0x40,Rtos,5.032637,5.146,,,
436,sc run 401 5 -coredown 0x40,Rtos,5.047605,5.16,,,
437,sc run 403 5 -coredown 0x40,Rtos,5.102519,5.205,,,
438,sc run 186 5 -coredown 0x80,Rtos,2.024005,2.128,,,
439,sc run 188 5 -coredown 0x80,Rtos,5.057165,5.16,,,
440,sc run 191 5 -coredown 0x80,Rtos,5.033056,5.144,,,
441,sc run 401 5 -coredown 0x80,Rtos,5.044739,5.16,,,
442,sc run 403 5 -coredown 0x80,Rtos,5.096655,5.206,,,
443,sc run 187 5 -coredown 0x30,Rtos,5.067032,5.175,,,
444,sc run 187 5 -coredown 0xc0,Rtos,5.053384,5.16,,,
445,sc run 187 5 -coredown 0x90,Rtos,5.061247,5.176,,,
446,sc run 187 5 -coredown 0x60,Rtos,5.048743,5.16,,,
447,pmgr mode 0x9502255,Rtos,0.000103,0.032,,,
448,sc run 186 5,Rtos,2.033919,2.125,,,
449,sc run 188 5,Rtos,5.149612,5.252,,,
450,sc run 191 5,Rtos,5.056797,5.16,,,
451,sc run 401 5,Rtos,5.17242,5.284,,,
452,sc run 403 5,Rtos,5.152351,5.251,,,
453,sc run 187 5 -coredown 0x10,Rtos,5.072577,5.176,,,
454,sc run 187 5 -coredown 0x20,Rtos,5.083184,5.191,,,
455,sc run 187 5 -coredown 0x40,Rtos,5.062529,5.176,,,
456,sc run 187 5 -coredown 0x80,Rtos,5.068699,5.174,,,
457,pmgr mode 0x8502255,Rtos,0.000109,0.031,,,
458,sc run 186 5,Rtos,2.038419,2.142,,,
459,sc run 187 5,Rtos,5.103849,5.205,,,
460,sc run 188 5,Rtos,5.104648,5.206,,,
461,sc run 191 5,Rtos,5.072187,5.176,,,
462,sc run 401 5,Rtos,5.180524,5.283,,,
463,sc run 403 5,Rtos,5.11105,5.237,,,
464,pmgr mode 0x7502255,Rtos,0.000117,0.031,,,
465,sc run 186 5,Rtos,2.027798,2.127,,,
466,sc run 187 5,Rtos,5.100134,5.205,,,
467,sc run 188 5,Rtos,5.051201,5.159,,,
468,sc run 191 5,Rtos,5.04842,5.16,,,
469,sc run 401 5,Rtos,5.138052,5.252,,,
470,sc run 403 5,Rtos,5.107315,5.22,,,
471,pmgr mode 0x6502255,Rtos,0.00018,0.032,,,
472,sc run 186 5,Rtos,2.035265,2.126,,,
473,sc run 187 5,Rtos,5.085302,5.189,,,
474,sc run 188 5,Rtos,5.038638,5.144,,,
475,sc run 191 5,Rtos,5.068622,5.174,,,
476,sc run 401 5,Rtos,5.127668,5.237,,,
477,sc run 403 5,Rtos,5.128467,5.237,,,
478,pmgr mode 0x5502245,Rtos,0.000207,0.031,,,
479,sc run 186 5,Rtos,2.034996,2.127,,,
480,sc run 187 5,Rtos,5.14845,5.252,,,
481,sc run 188 5,Rtos,5.112805,5.221,,,
482,sc run 191 5,Rtos,5.073997,5.173,,,
483,sc run 401 5,Rtos,5.150393,5.253,,,
484,sc run 403 5,Rtos,5.125036,5.238,,,
485,pmgr mode 0x4402245,Rtos,0.000168,0.031,,,
486,sc run 186 5,Rtos,2.042236,2.141,,,
487,sc run 187 5,Rtos,5.11841,5.221,,,
488,sc run 188 5,Rtos,5.120307,5.222,,,
489,sc run 191 5,Rtos,5.065682,5.175,,,
490,sc run 401 5,Rtos,5.160481,5.266,,,
491,sc run 403 5,Rtos,5.191836,5.298,,,
492,pmgr mode 0x3302234,Rtos,0.000373,0.031,,,
493,sc run 186 5,Rtos,2.649205,2.743,,,
494,sc run 187 5,Rtos,6.082169,6.189,,,
495,sc run 188 5,Rtos,6.477443,6.575,,,
496,sc run 191 5,Rtos,6.004698,6.115,,,
497,sc run 401 5,Rtos,6.068167,6.177,,,
498,sc run 403 5,Rtos,6.315549,6.422,,,
499,pmgr mode 0x2202234,Rtos,0.000252,0.031,,,
500,sc run 186 5,Rtos,2.712751,2.802,,,
501,sc run 187 5,Rtos,6.206794,6.313,,,
502,sc run 188 5,Rtos,6.497822,6.606,,,
503,sc run 191 5,Rtos,6.186302,6.298,,,
504,sc run 401 5,Rtos,6.233993,6.344,,,
505,sc run 403 5,Rtos,6.569019,6.668,,,
506,pmgr mode 0x1102234,Rtos,0.000276,0.032,,,
507,sc run 186 5,Rtos,2.909463,3.002,,,
508,sc run 187 5,Rtos,6.312832,6.421,,,
509,sc run 188 5,Rtos,6.823109,6.928,,,
510,sc run 191 5,Rtos,6.425315,6.528,,,
511,sc run 401 5,Rtos,6.745899,6.852,,,
512,sc run 403 5,Rtos,6.88769,6.987,,,
513,pmgr mode 0x2502256,Rtos,0.000536,0.032,,,
514,mmu ddr-linear,Rtos,0.002418,0.015,,,
515,core up ane mar_dram.shr alloc,Rtos,0.337675,0.371,,,
516,core up ans mar_dram.shr alloc,Rtos,0.028,0.062,,,
517,core up aop mar_dram.shr alloc,Rtos,0.029309,0.064,,,
518,core up dispint mar_dram.shr alloc,Rtos,0.028628,0.063,,,
519,core up dispext mar_dram.shr alloc,Rtos,0.028669,0.063,,,
520,core up pms mar_dram.shr alloc,Rtos,0.029182,0.062,,,
521,core up sio mar_dram.shr alloc,Rtos,0.02838,0.062,,,
522,core up smc mar_dram.shr alloc,Rtos,0.029635,0.064,,,
523,core up sve mar_dram.shr alloc,Rtos,0.028166,0.063,,,
524,echo >>>> Display Tests <<<<,Rtos,6.1e-05,0.016,,,
525,pmgr mode 0x4404254,Rtos,0.00044,0.015,,,
526,sc run 285 5,Rtos,10.377909,10.471,,,
527,sc run 84 5,Rtos,9.694622,9.806,,,
528,sc run 104 5,Rtos,27.240942,27.347,,,
529,sc run 174 5,Rtos,7.596613,7.699,,,
530,sc run 194 5,Rtos,6.849932,6.96,,,
531,pmgr mode 0x4403254,Rtos,0.000193,0.031,,,
532,sc run 285 5,Rtos,10.726188,10.821,,,
533,sc run 84 5,Rtos,10.623574,10.73,,,
534,sc run 104 5,Rtos,28.093861,28.196,,,
535,sc run 194 5,Rtos,6.524559,6.636,,,
536,pmgr mode 0x4402254,Rtos,0.000176,0.031,,,
537,sc run 84 5,Rtos,11.594418,11.698,,,
538,sc run 194 5,Rtos,6.739086,6.85,,,
539,core up isp mar_dram.shr alloc,Rtos,0.032475,0.062,,,
540,core up isp1 mar_dram.shr alloc,Rtos,0.03198,0.063,,,
541,ts exclude tg1i,Rtos,5.4e-05,0.015,,,
542,ts exclude tg4i,Rtos,2.9e-05,0.016,,,
543,echo >>>> GFX Tests <<<<,Rtos,6.4e-05,0.016,,,
544,pmgr mode 0xa503756,Rtos,0.000445,0.031,,,
545,switcher pattern rotary 100 -jitter=40 -clk:s=5_4_3 -on -cpu=pms,Rtos,0.000178,0.031,,,
546,sc run 46 5,Rtos,107.722491,107.803,,,
547,switcher off -reset,Rtos,1.1e-05,0.031,,,
548,pmgr mode -s 5,Rtos,9.1e-05,0.016,,,
549,sc run 46 5,Rtos,93.988138,94.08,,,
550,pmgr mode -s 4,Rtos,0.000189,0.031,,,
551,sc run 46 5,Rtos,107.240086,107.324,,,
552,pmgr mode -s 3,Rtos,0.000108,0.031,,,
553,sc run 46 5,Rtos,118.29998,118.456,,,
554,switcher pattern random 100 -jitter=40 -on -cpu=pms -clk:g=2_7,Rtos,0.000214,0.048,,,
555,sc run 30 5,Rtos,35.801162,35.894,,,
556,switcher off -reset,Rtos,2e-05,0.032,,,
557,pmgr mode 0xa502756,Rtos,0.000223,0.031,,,
558,pmgr mode -g 7,Rtos,8.3e-05,0.016,,,
559,sc run 30 5,Rtos,36.48909,36.587,,,
560,pmgr mode -g 6,Rtos,9.7e-05,0.031,,,
561,sc run 30 5,Rtos,35.789027,35.88,,,
562,pmgr mode -g 5,Rtos,0.000125,0.032,,,
563,sc run 30 5,Rtos,35.903795,36.003,,,
564,pmgr mode -g 4,Rtos,0.000115,0.031,,,
565,sc run 30 5,Rtos,36.142074,36.235,,,
566,pmgr mode -g 3,Rtos,9.5e-05,0.032,,,
567,sc run 30 5,Rtos,35.705024,35.802,,,
568,pmgr mode -g 2,Rtos,0.000104,0.031,,,
569,sc run 30 5,Rtos,35.996822,36.096,,,
570,ts include tg1i,Rtos,2.5e-05,0.031,,,
571,ts include tg4i,Rtos,3.2e-05,0.016,,,
572,core up gfx mar_dram.shr alloc,Rtos,0.026186,0.047,,,
573,sc run 8 5,Rtos,28.516233,28.604,,,
574,sc run 11 5,Rtos,11.097057,11.204,,,
575,sc run 25 5 -coremask 0x2000,Rtos,7.906675,8.019,,,
576,echo >>>> Hammer and uRBM Memory Tests <<<<,Rtos,5.8e-05,0.032,,,
577,pmgr mode 0xa502256,Rtos,9.1e-05,0.031,,,
578,switcher pattern rotary 200 -jitter=150 -alt=50 -clk:s=5_3_4 -on -cpu=cc3,Rtos,0.000218,0.047,,,
579,sc run 431 5,Rtos,53.664743,53.755,,,
580,sc run 430 5,Rtos,8.722633,8.833,,,
581,sc run 61 5 -coremask 0xa100,Rtos,52.500665,52.601,,,
582,switcher off -reset,Rtos,2.9e-05,0.031,,,
583,pmgr mode 0x9502256,Rtos,0.000182,0.016,,,
584,switcher pattern ramp-rand 600 -jitter=580 -clk:p=1_2_3_4_5_6_7_8_9_10 -clk:e=1_2_3_4_5 -clk:s=3_4_5 -clk:d=4_5_6 -clk:i=2_3_4 -on -cpu=pms,Rtos,0.000863,0.094,,,
585,hammer -fmc 0x1F5EFF -urbm 0xFF -bonfire 0xFF -p -l 16 -t 5 -s 0xd356ab4ddbf811b0,Rtos,108.475603,108.623,,,
586,sc run 61 6 -coremask 0xa100,Rtos,63.374074,63.511,,,
587,sc run 67 5,Rtos,50.049122,50.213,,,
588,sc run 461 5 -coremask 0xa100,Rtos,52.77237,52.925,,,
589,sc run 462 5 -coremask 0xa100,Rtos,51.417322,51.568,,,
590,sc run 463 5,Rtos,5.234744,5.388,,,
591,switcher off -reset,Rtos,3.7e-05,0.031,,,
592,hammer -fmc 0x1ECEFF -urbm 0xFF -bonfire 0xFF -p -l 15 -t 3 -s 0xe7499494458fa430,Rtos,67.362304,67.478,,,
593,sc run 61 4 -coremask 0x2100,Rtos,42.154198,42.26,,,
594,echo >>>> uRBM EACC LVCC Tests <<<<,Rtos,7.4e-05,0.031,,,
595,pmgr mode 0x2502255,Rtos,0.00026,0.016,,,
596,sc run 35 5,Rtos,5.074932,5.171,,,
597,pmgr mode 0x2402245,Rtos,0.000237,0.032,,,
598,sc run 35 5,Rtos,5.129522,5.301,,,
599,pmgr mode 0x2302234,Rtos,0.000303,0.031,,,
600,sc run 35 5,Rtos,5.192441,5.295,,,
601,pmgr mode 0x2202234,Rtos,0.000217,0.031,,,
602,sc run 35 5,Rtos,5.190937,5.299,,,
603,pmgr mode 0x2102234,Rtos,0.000286,0.031,,,
604,sc run 35 5,Rtos,5.392096,5.498,,,
605,echo >>>> uRBM PACC LVCC Tests <<<<,Rtos,0.00013,0.031,,,
606,therm pid cc1 pcore init -skip=0_2_3_4_5_6_7_8_9_10_11_12_13_14,Rtos,0.000706,0.031,,,
607,therm pid cc1 pcore weights MAX 0 0 0 1 1 1 1 1 1 1 0 0 0 0 0 0 0 0 0,Rtos,9e-05,0.031,,,
608,therm pid sp 75,Rtos,0.000117,0.016,,,
609,therm pid cc1 pcore enable,Rtos,0.000268,0.016,,,
610,pmgr mode 0xf202254,Rtos,0.000245,0.031,,,
611,sc run 38 5 -coredown 0x70,Rtos,2.025415,2.129,,,
612,sc run 404 5 -coredown 0x70,Rtos,5.051222,5.175,,,
613,sc run 406 5 -coredown 0x70,Rtos,5.108345,5.222,,,
614,sc run 407 5 -coredown 0x70,Rtos,5.040712,5.16,,,
615,sc run 429 5 -coredown 0x70,Rtos,5.083288,5.19,,,
616,sc run 38 5 -coredown 0xe0,Rtos,2.020203,2.143,,,
617,sc run 404 5 -coredown 0xe0,Rtos,5.077926,5.192,,,
618,sc run 406 5 -coredown 0xe0,Rtos,5.119086,5.238,,,
619,sc run 407 5 -coredown 0xe0,Rtos,5.04812,5.162,,,
620,sc run 429 5 -coredown 0xe0,Rtos,5.073134,5.19,,,
621,sc run 38 5 -coredown 0xb0,Rtos,2.026772,2.141,,,
622,sc run 404 5 -coredown 0xb0,Rtos,5.06195,5.177,,,
623,sc run 406 5 -coredown 0xb0,Rtos,5.092287,5.206,,,
624,sc run 407 5 -coredown 0xb0,Rtos,5.030023,5.145,,,
625,sc run 429 5 -coredown 0xb0,Rtos,5.084942,5.205,,,
626,sc run 38 5 -coredown 0xd0,Rtos,2.028864,2.144,,,
627,sc run 404 5 -coredown 0xd0,Rtos,5.078281,5.191,,,
628,sc run 406 5 -coredown 0xd0,Rtos,5.117849,5.239,,,
629,sc run 407 5 -coredown 0xd0,Rtos,5.050792,5.174,,,
630,sc run 429 5 -coredown 0xd0,Rtos,5.080759,5.193,,,
631,therm pid cc1 pcore disable,Rtos,0.000357,0.032,,,
632,pmgr mode 0xe202254,Rtos,9.2e-05,0.031,,,
633,therm toohot 105 10 105 10 7 1,Rtos,0.000273,0.032,,,
634,sc run 38 5 -coredown 0x70,Rtos,2.031912,2.156,,,
635,sc run 404 5 -coredown 0x70,Rtos,5.075995,5.191,,,
636,sc run 406 5 -coredown 0x70,Rtos,5.083735,5.19,,,
637,sc run 407 5 -coredown 0x70,Rtos,5.042774,5.161,,,
638,sc run 429 5 -coredown 0x70,Rtos,5.043065,5.162,,,
639,sc run 38 5 -coredown 0xe0,Rtos,2.01961,2.141,,,
640,sc run 404 5 -coredown 0xe0,Rtos,5.066347,5.176,,,
641,sc run 406 5 -coredown 0xe0,Rtos,5.096655,5.208,,,
642,sc run 407 5 -coredown 0xe0,Rtos,5.043314,5.162,,,
643,sc run 429 5 -coredown 0xe0,Rtos,5.068373,5.175,,,
644,sc run 38 5 -coredown 0xb0,Rtos,2.03434,2.16,,,
645,sc run 404 5 -coredown 0xb0,Rtos,5.07187,5.193,,,
646,sc run 406 5 -coredown 0xb0,Rtos,5.097954,5.207,,,
647,sc run 407 5 -coredown 0xb0,Rtos,5.040513,5.159,,,
648,sc run 429 5 -coredown 0xb0,Rtos,5.022515,5.13,,,
649,sc run 38 5 -coredown 0xd0,Rtos,2.019346,2.126,,,
650,sc run 404 5 -coredown 0xd0,Rtos,5.073215,5.207,,,
651,sc run 406 5 -coredown 0xd0,Rtos,5.122101,5.238,,,
652,sc run 407 5 -coredown 0xd0,Rtos,5.046834,5.16,,,
653,sc run 429 5 -coredown 0xd0,Rtos,5.040916,5.161,,,
654,pmgr mode 0xd502256,Rtos,0.000276,0.031,,,
655,sc run 34 5 -coredown 0x30,Rtos,5.020517,5.131,,,
656,sc run 38 5 -coredown 0x30,Rtos,2.016965,2.126,,,
657,sc run 39 5 -coredown 0x30,Rtos,5.052782,5.161,,,
658,sc run 41 5 -coredown 0x30,Rtos,5.032627,5.144,,,
659,sc run 400 5 -coredown 0x30,Rtos,5.052671,5.176,,,
660,sc run 402 5 -coredown 0x30,Rtos,5.052187,5.16,,,
661,sc run 34 5 -coredown 0xC0,Rtos,5.027353,5.146,,,
662,sc run 38 5 -coredown 0xC0,Rtos,2.020144,2.142,,,
663,sc run 41 5 -coredown 0xC0,Rtos,5.035826,5.144,,,
664,sc run 400 5 -coredown 0xC0,Rtos,5.032595,5.144,,,
665,sc run 402 5 -coredown 0xC0,Rtos,5.033158,5.145,,,
666,sc run 34 5 -coredown 0x90,Rtos,5.02726,5.145,,,
667,sc run 38 5 -coredown 0x90,Rtos,2.015534,2.126,,,
668,sc run 41 5 -coredown 0x90,Rtos,5.039387,5.16,,,
669,sc run 400 5 -coredown 0x90,Rtos,5.027863,5.146,,,
670,sc run 402 5 -coredown 0x90,Rtos,5.057776,5.175,,,
671,sc run 34 5 -coredown 0x60,Rtos,5.028161,5.144,,,
672,sc run 38 5 -coredown 0x60,Rtos,2.025443,2.142,,,
673,sc run 41 5 -coredown 0x60,Rtos,5.036063,5.146,,,
674,sc run 400 5 -coredown 0x60,Rtos,5.031973,5.143,,,
675,sc run 402 5 -coredown 0x60,Rtos,5.04043,5.161,,,
676,pmgr mode 0xc502256,Rtos,8.1e-05,0.032,,,
677,sc run 34 5,Rtos,5.031627,5.128,,,
678,sc run 38 5,Rtos,2.019202,2.142,,,
679,sc run 41 5,Rtos,5.059482,5.176,,,
680,sc run 400 5,Rtos,5.024162,5.143,,,
681,sc run 402 5,Rtos,5.084587,5.207,,,
682,sc run 409 5 -coredown 0x70,Rtos,5.109331,5.222,,,
683,sc run 409 5 -coredown 0xE0,Rtos,5.123756,5.239,,,
684,sc run 409 5 -coredown 0xB0,Rtos,5.048661,5.161,,,
685,sc run 409 5 -coredown 0xD0,Rtos,5.074461,5.193,,,
686,pmgr mode 0xb502256,Rtos,0.000101,0.031,,,
687,sc run 34 5,Rtos,5.037594,5.145,,,
688,sc run 38 5,Rtos,2.025261,2.142,,,
689,sc run 41 5,Rtos,5.044272,5.159,,,
690,sc run 400 5,Rtos,5.024406,5.145,,,
691,sc run 402 5,Rtos,5.104205,5.222,,,
692,sc run 39 5 -coredown 0x10,Rtos,5.055759,5.175,,,
693,sc run 39 5 -coredown 0x20,Rtos,5.063115,5.177,,,
694,sc run 39 5 -coredown 0x40,Rtos,5.076394,5.193,,,
695,sc run 39 5 -coredown 0x80,Rtos,5.061339,5.178,,,
696,pmgr mode 0xa502256,Rtos,0.0001,0.031,,,
697,sc run 34 5,Rtos,5.032184,5.129,,,
698,sc run 38 5,Rtos,2.025847,2.158,,,
699,sc run 39 5,Rtos,5.061112,5.177,,,
700,sc run 41 5,Rtos,5.047428,5.157,,,
701,sc run 400 5,Rtos,5.031061,5.144,,,
702,sc run 402 5,Rtos,5.078217,5.19,,,
703,pmgr mode 0x9502256,Rtos,0.000105,0.032,,,
704,sc run 34 5,Rtos,5.050912,5.158,,,
705,sc run 38 5,Rtos,2.029998,2.142,,,
706,sc run 39 5,Rtos,5.081249,5.189,,,
707,sc run 41 5,Rtos,5.058093,5.174,,,
708,sc run 400 5,Rtos,5.032753,5.144,,,
709,sc run 402 5,Rtos,5.093134,5.206,,,
710,pmgr mode 0x8502256,Rtos,0.000106,0.032,,,
711,sc run 34 5,Rtos,5.053318,5.159,,,
712,sc run 38 5,Rtos,2.026946,2.142,,,
713,sc run 39 5,Rtos,5.094489,5.205,,,
714,sc run 41 5,Rtos,5.063102,5.174,,,
715,sc run 400 5,Rtos,5.039252,5.144,,,
716,sc run 402 5,Rtos,5.110263,5.222,,,
717,pmgr mode 0x7502256,Rtos,0.000115,0.031,,,
718,sc run 34 5,Rtos,5.05683,5.16,,,
719,sc run 38 5,Rtos,2.033507,2.142,,,
720,sc run 39 5,Rtos,5.08112,5.19,,,
721,sc run 41 5,Rtos,5.067653,5.175,,,
722,sc run 400 5,Rtos,5.050168,5.16,,,
723,sc run 402 5,Rtos,5.097884,5.206,,,
724,pmgr mode 0x6502256,Rtos,0.000118,0.031,,,
725,sc run 34 5,Rtos,5.049481,5.16,,,
726,sc run 38 5,Rtos,2.032259,2.157,,,
727,sc run 39 5,Rtos,5.091823,5.208,,,
728,sc run 41 5,Rtos,5.07126,5.189,,,
729,sc run 400 5,Rtos,5.112466,5.22,,,
730,sc run 402 5,Rtos,5.133,5.238,,,
731,pmgr mode 0x5502246,Rtos,0.000199,0.047,,,
732,sc run 34 5,Rtos,5.052991,5.158,,,
733,sc run 38 5,Rtos,2.043457,2.158,,,
734,sc run 39 5,Rtos,5.146015,5.251,,,
735,sc run 41 5,Rtos,5.098255,5.205,,,
736,sc run 400 5,Rtos,5.133011,5.251,,,
737,sc run 402 5,Rtos,5.130052,5.238,,,
738,pmgr mode 0x4402246,Rtos,0.000173,0.031,,,
739,sc run 34 5,Rtos,5.075616,5.174,,,
740,sc run 38 5,Rtos,2.044898,2.157,,,
741,sc run 39 5,Rtos,5.155304,5.269,,,
742,sc run 41 5,Rtos,5.055601,5.175,,,
743,sc run 400 5,Rtos,5.091625,5.204,,,
744,sc run 402 5,Rtos,5.131472,5.237,,,
745,pmgr mode 0x3302235,Rtos,0.000339,0.032,,,
746,sc run 34 5,Rtos,5.075723,5.172,,,
747,sc run 38 5,Rtos,2.044781,2.158,,,
748,sc run 39 5,Rtos,5.194908,5.299,,,
749,sc run 41 5,Rtos,5.096253,5.219,,,
750,sc run 400 5,Rtos,5.17444,5.282,,,
751,sc run 402 5,Rtos,5.178935,5.283,,,
752,pmgr mode 0x2202235,Rtos,0.000213,0.047,,,
753,sc run 34 5,Rtos,5.102833,5.204,,,
754,sc run 38 5,Rtos,2.069621,2.188,,,
755,sc run 39 5,Rtos,5.241405,5.346,,,
756,sc run 41 5,Rtos,5.129241,5.233,,,
757,sc run 400 5,Rtos,5.211775,5.329,,,
758,sc run 402 5,Rtos,5.201184,5.312,,,
759,pmgr mode 0x1102235,Rtos,0.000253,0.031,,,
760,sc run 34 5,Rtos,5.072546,5.175,,,
761,sc run 38 5,Rtos,2.10205,2.219,,,
762,sc run 39 5,Rtos,5.271528,5.375,,,
763,sc run 41 5,Rtos,5.137995,5.267,,,
764,sc run 400 5,Rtos,5.183292,5.298,,,
765,sc run 402 5,Rtos,5.240235,5.358,,,
766,ans fw-init,Rtos,0.020526,0.047,,,
767,echo >>>> IP Tests <<<<,Rtos,0.000122,0.016,,,
768,pmgr mode 0x4402254,Rtos,0.000391,0.015,,,
769,sc run 20 5,Rtos,0.451682,0.541,,,
770,sc run 23 5,Rtos,4.626064,4.728,,,
771,sc run 24 5,Rtos,1.326482,1.433,,,
772,sc run 82 5,Rtos,23.873056,23.979,,,
773,sc run 83 5,Rtos,1.108474,1.206,,,
774,sc run 136 5,Rtos,0.430987,0.558,,,
775,sc run 137 5,Rtos,1.132757,1.249,,,
776,sc run 146 5,Rtos,2.964555,3.069,,,
777,sc run 151 5,Rtos,0.880194,0.987,,,
778,sc run 153 5,Rtos,3.029379,3.14,,,
779,pmgr mode 0x4402244,Rtos,0.000216,0.031,,,
780,sc run 20 5,Rtos,0.459354,0.558,,,
781,sc run 23 5,Rtos,4.836555,4.939,,,
782,sc run 24 5,Rtos,1.379359,1.48,,,
783,sc run 82 5,Rtos,26.905752,27.01,,,
784,sc run 83 5,Rtos,1.131341,1.233,,,
785,sc run 136 5,Rtos,0.432206,0.543,,,
786,sc run 137 5,Rtos,1.35201,1.449,,,
787,sc run 146 5,Rtos,3.483482,3.605,,,
788,sc run 153 5,Rtos,3.605445,3.712,,,
789,pmgr mode 0x4402234,Rtos,0.000166,0.032,,,
790,sc run 20 5,Rtos,0.461256,0.557,,,
791,sc run 23 5,Rtos,5.283852,5.388,,,
792,sc run 24 5,Rtos,1.458386,1.556,,,
793,sc run 82 5,Rtos,28.745401,28.85,,,
794,sc run 83 5,Rtos,1.152423,1.251,,,
795,sc run 136 5,Rtos,0.434903,0.542,,,
796,sc run 137 5,Rtos,1.443303,1.542,,,
797,sc run 146 5,Rtos,4.347437,4.45,,,
798,sc run 153 5,Rtos,4.102116,4.202,,,
799,ans free-heap,Rtos,0.00292,0.031,,,
800,ut all status show,Rtos,0.000679,0.063,,,
801,pmgr mode 0x1102234,Rtos,0.000354,16.062,,,
802,pmgr reset,Rtos,3.9e-05,0.015,,,
803,pmu: flt (sera) 00:08:00:00,Rtos,,2.376,,,
804,ðŸ“Œ Reboot,Reboot,,14.999,,,
805,phigh-state . cr,Rbm,,0.201,,,
806,ehigh-state . cr,Rbm,,0.015,,,
807,.temps,Rbm,,0.032,,,
808,calc-pdvfms,Rbm,,0.094,,,
809,calc-edvfms,Rbm,,0.094,,,
810,true to dumppa2ddr?,Rbm,,0.015,,,
811,show dvfm,Rbm,,2.859,,,
812,show socperfstate,Rbm,,1.036,,,
813,show dcsperfstate,Rbm,,0.235,,,
814,show pmu,Rbm,,0.156,,,
815,rbm-nom -tout 300,Rbm,,308.073,296,62.62,0
816,.templog,Rbm,,1.697,,,
817,.rfl,Rbm,,0.125,,,
818,.sns-maxtemp,Rbm,,0.046,,,
819,.tel,Rbm,,0.709,,,
820,.rbmlog,Rbm,,2.12,,,
821,.apsc_log,Rbm,,0.093,,,
822,.mtq,Rbm,,2.055,,,
823,.rbm_s,Rbm,,1.289,,,
824,reset,Rbm,,0.016,,,
825,pmu: flt (sera) 00:08:00:00,Rbm,,2.376,,,
826,ðŸ“Œ Reboot,Reboot,,15.0,,,
827,phigh-state . cr,Rbm,,0.077,,,
828,ehigh-state . cr,Rbm,,0.015,,,
829,.temps,Rbm,,0.032,,,
830,calc-pdvfms,Rbm,,0.094,,,
831,calc-edvfms,Rbm,,0.094,,,
832,true to dumppa2ddr?,Rbm,,0.016,,,
833,show dvfm,Rbm,,2.865,,,
834,show socperfstate,Rbm,,1.048,,,
835,show dcsperfstate,Rbm,,0.25,,,
836,show pmu,Rbm,,0.158,,,
837,rbm-bbq -tout 300,Rbm,,300.445,298,105.4,28525
838,"cpu 0 cfe echo ""RBM: Are you hang?""",Rbm     Fail (Hang),,58.933,,,
839,ðŸ“Œ Reboot,Reboot,,25.243,,,
840,phigh-state . cr,Rbm,,0.077,,,
841,ehigh-state . cr,Rbm,,0.016,,,
842,.temps,Rbm,,0.031,,,
843,calc-pdvfms,Rbm,,0.093,,,
844,calc-edvfms,Rbm,,0.094,,,
845,true to dumppa2ddr?,Rbm,,0.016,,,
846,show dvfm,Rbm,,2.854,,,
847,show socperfstate,Rbm,,1.034,,,
848,show dcsperfstate,Rbm,,0.252,,,
849,show pmu,Rbm,,0.156,,,
850,rbm-pv1-pcore -tout 300,Rbm,,303.837,297,105.26,15918
851,.templog,Rbm,,1.759,,,
852,.rfl,Rbm,,0.124,,,
853,.sns-maxtemp,Rbm,,0.048,,,
854,.tel,Rbm,,0.707,,,
855,.rbmlog,Rbm,,2.164,,,
856,.apsc_log,Rbm,,0.83,,,
857,.mtq,Rbm,,0.157,,,
858,.rbm_s,Rbm,,1.133,,,
859,reset,Rbm,,0.015,,,
860,pmu: flt (sera) 0f:08:00:00,Rbm,,2.371,,,
861,ðŸ“Œ Reboot,Reboot,,14.987,,,
862,phigh-state . cr,Rbm,,0.078,,,
863,ehigh-state . cr,Rbm,,0.016,,,
864,.temps,Rbm,,0.032,,,
865,calc-pdvfms,Rbm,,0.094,,,
866,calc-edvfms,Rbm,,0.094,,,
867,true to dumppa2ddr?,Rbm,,0.016,,,
868,show dvfm,Rbm,,2.855,,,
869,show socperfstate,Rbm,,1.017,,,
870,show dcsperfstate,Rbm,,0.251,,,
871,show pmu,Rbm,,0.156,,,
872,rbm-pgt-test -tout 300,Rbm,,309.271,296,81.54,49
873,.templog,Rbm,,1.694,,,
874,.rfl,Rbm,,0.125,,,
875,.sns-maxtemp,Rbm,,0.047,,,
876,.tel,Rbm,,0.706,,,
877,.rbmlog,Rbm,,2.118,,,
878,.apsc_log,Rbm,,0.831,,,
879,.mtq,Rbm,,2.618,,,
880,.rbm_s,Rbm,,1.242,,,
881,reset,Rbm,,0.015,,,
882,pmu: flt (sera) 0f:08:00:00,Rbm,,2.371,,,
883,ðŸ“Œ Reboot,Reboot,,14.999,,,
884,phigh-state . cr,Rbm,,0.093,,,
885,ehigh-state . cr,Rbm,,0.015,,,
886,.temps,Rbm,,0.033,,,
887,calc-pdvfms,Rbm,,0.094,,,
888,calc-edvfms,Rbm,,0.094,,,
889,true to dumppa2ddr?,Rbm,,0.016,,,
890,show dvfm,Rbm,,2.855,,,
891,show socperfstate,Rbm,,1.033,,,
892,show dcsperfstate,Rbm,,0.235,,,
893,show pmu,Rbm,,0.156,,,
894,rbm-dvfm-soc-dcs -tout 300,Rbm,,308.398,295,81.25,0
895,.templog,Rbm,,1.701,,,
896,.rfl,Rbm,,0.124,,,
897,.sns-maxtemp,Rbm,,0.046,,,
898,.tel,Rbm,,0.707,,,
899,.rbmlog,Rbm,,2.134,,,
900,.apsc_log,Rbm,,0.83,,,
901,.mtq,Rbm,,1.432,,,
902,.rbm_s,Rbm,,1.211,,,
903,reset,Rbm,,0.015,,,
904,pmu: flt (sera) 0f:08:00:00,Rbm,,2.386,,,
905,ðŸ“Œ Reboot,Reboot,,15.001,,,
906,phigh-state . cr,Rbm,,0.093,,,
907,ehigh-state . cr,Rbm,,0.016,,,
908,.temps,Rbm,,0.032,,,
909,calc-pdvfms,Rbm,,0.094,,,
910,calc-edvfms,Rbm,,0.094,,,
911,true to dumppa2ddr?,Rbm,,0.016,,,
912,show dvfm,Rbm,,2.855,,,
913,show socperfstate,Rbm,,1.018,,,
914,show dcsperfstate,Rbm,,0.266,,,
915,show pmu,Rbm,,0.157,,,
916,rbm-nom-uc -tout 300,Rbm,,313.513,296,93.33,1
917,.templog,Rbm,,1.677,,,
918,.rfl,Rbm,,0.141,,,
919,.sns-maxtemp,Rbm,,0.047,,,
920,.tel,Rbm,,0.706,,,
921,.rbmlog,Rbm,,2.104,,,
922,.apsc_log,Rbm,,0.062,,,
923,.mtq,Rbm,,3.999,,,
924,.rbm_s,Rbm,,1.304,,,
925,reset,Rbm,,0.015,,,
926,pmu: flt (sera) 0f:08:00:00,Rbm,,2.37,,,
927,ðŸ“Œ Reboot,Reboot,,14.986,,,
928,phigh-state . cr,Rbm,,0.094,,,
929,ehigh-state . cr,Rbm,,0.015,,,
930,.temps,Rbm,,0.032,,,
931,calc-pdvfms,Rbm,,0.095,,,
932,calc-edvfms,Rbm,,0.094,,,
933,true to dumppa2ddr?,Rbm,,0.015,,,
934,show dvfm,Rbm,,2.855,,,
935,show socperfstate,Rbm,,1.033,,,
936,show dcsperfstate,Rbm,,0.235,,,
937,show pmu,Rbm,,0.158,,,
938,rbm-amx -tout 300,Rbm,,300.713,298,92.59,4444
939,.templog,Rbm,,1.786,,,
940,.rfl,Rbm,,0.125,,,
941,.sns-maxtemp,Rbm,,0.047,,,
942,.tel,Rbm,,0.705,,,
943,.rbmlog,Rbm,,2.227,,,
944,.apsc_log,Rbm,,0.83,,,
945,.mtq,Rbm,,0.156,,,
946,.rbm_s,Rbm,,1.133,,,
947,reset,Rbm,,0.015,,,
948,pmu: flt (sera) 0f:08:00:00,Rbm,,2.372,,,
949,ðŸ“Œ Reboot,Reboot,,15.001,,,
950,phigh-state . cr,Rbm,,0.092,,,
951,ehigh-state . cr,Rbm,,0.016,,,
952,.temps,Rbm,,0.031,,,
953,calc-pdvfms,Rbm,,0.094,,,
954,calc-edvfms,Rbm,,0.094,,,
955,true to dumppa2ddr?,Rbm,,0.016,,,
956,show dvfm,Rbm,,2.853,,,
957,show socperfstate,Rbm,,1.048,,,
958,show dcsperfstate,Rbm,,0.251,,,
959,show pmu,Rbm,,0.142,,,
960,rbm-amx-pv1 -tout 300,Rbm,,300.636,295,109.37,31834
961,.templog,Rbm,,1.727,,,
962,.rfl,Rbm,,0.124,,,
963,.sns-maxtemp,Rbm,,0.047,,,
964,.tel,Rbm,,0.706,,,
965,.rbmlog,Rbm,,2.134,,,
966,.apsc_log,Rbm,,0.83,,,
967,.mtq,Rbm,,0.142,,,
968,.rbm_s,Rbm,,1.148,,,
969,reset,Rbm,,0.015,,,
970,pmu: flt (sera) 0f:08:00:00,Rbm,,2.37,,,
971,ðŸ“Œ Reboot,Reboot,,15.002,,,
972,phigh-state . cr,Rbm,,0.093,,,
973,ehigh-state . cr,Rbm,,0.015,,,
974,.temps,Rbm,,0.032,,,
975,calc-pdvfms,Rbm,,0.094,,,
976,calc-edvfms,Rbm,,0.095,,,
977,true to dumppa2ddr?,Rbm,,0.016,,,
978,show dvfm,Rbm,,2.855,,,
979,show socperfstate,Rbm,,1.033,,,
980,show dcsperfstate,Rbm,,0.235,,,
981,show pmu,Rbm,,0.156,,,
982,rbm-phigh -tout 300,Rbm,,300.752,297,91.46,5500
983,.templog,Rbm,,1.693,,,
984,.rfl,Rbm,,0.125,,,
985,.sns-maxtemp,Rbm,,0.047,,,
986,.tel,Rbm,,0.707,,,
987,.rbmlog,Rbm,,2.133,,,
988,.apsc_log,Rbm,,0.83,,,
989,.mtq,Rbm,,0.923,,,
990,.rbm_s,Rbm,,1.209,,,
991,reset,Rbm,,0.016,,,
992,pmu: flt (sera) 0f:08:00:00,Rbm,,2.386,,,
993,ðŸ“Œ Reboot,Reboot,,14.987,,,
994,phigh-state . cr,Rbm,,0.108,,,
995,ehigh-state . cr,Rbm,,0.015,,,
996,.temps,Rbm,,0.033,,,
997,calc-pdvfms,Rbm,,0.093,,,
998,calc-edvfms,Rbm,,0.094,,,
999,true to dumppa2ddr?,Rbm,,0.015,,,
1000,show dvfm,Rbm,,2.858,,,
1001,show socperfstate,Rbm,,1.034,,,
1002,show dcsperfstate,Rbm,,0.235,,,
1003,show pmu,Rbm,,0.157,,,
1004,rbm-phigh-ane -tout 300,Rbm,,303.798,294,93.1,2102
1005,.templog,Rbm,,1.677,,,
1006,.rfl,Rbm,,0.125,,,
1007,.sns-maxtemp,Rbm,,0.047,,,
1008,.tel,Rbm,,0.706,,,
1009,.rbmlog,Rbm,,2.116,,,
1010,.apsc_log,Rbm,,0.832,,,
1011,.mtq,Rbm,,1.206,,,
1012,.rbm_s,Rbm,,1.18,,,
1013,reset,Rbm,,0.015,,,
1014,pmu: flt (sera) 0f:08:00:00,Rbm,,2.372,,,
1015,ðŸ“Œ Reboot,Reboot,,14.986,,,
1016,phigh-state . cr,Rbm,,0.093,,,
1017,ehigh-state . cr,Rbm,,0.016,,,
1018,.temps,Rbm,,0.031,,,
1019,calc-pdvfms,Rbm,,0.095,,,
1020,calc-edvfms,Rbm,,0.094,,,
1021,true to dumppa2ddr?,Rbm,,0.016,,,
1022,show dvfm,Rbm,,2.854,,,
1023,show socperfstate,Rbm,,1.033,,,
1024,show dcsperfstate,Rbm,,0.25,,,
1025,show pmu,Rbm,,0.158,,,
1026,rbm-phigh-all -tout 300,Rbm,,303.923,294,93.29,2761
1027,.templog,Rbm,,1.677,,,
1028,.rfl,Rbm,,0.125,,,
1029,.sns-maxtemp,Rbm,,0.047,,,
1030,.tel,Rbm,,0.705,,,
1031,.rbmlog,Rbm,,2.116,,,
1032,.apsc_log,Rbm,,0.832,,,
1033,.mtq,Rbm,,1.303,,,
1034,.rbm_s,Rbm,,1.291,,,
1035,reset,Rbm,,0.015,,,
1036,pmu: flt (sera) 0f:08:00:00,Rbm,,2.371,,,
1037,ðŸ“Œ Reboot,Reboot,,15.0,,,
1038,phigh-state . cr,Rbm,,0.094,,,
1039,ehigh-state . cr,Rbm,,0.016,,,
1040,.temps,Rbm,,0.031,,,
1041,calc-pdvfms,Rbm,,0.094,,,
1042,calc-edvfms,Rbm,,0.094,,,
1043,true to dumppa2ddr?,Rbm,,0.015,,,
1044,show dvfm,Rbm,,2.854,,,
1045,show socperfstate,Rbm,,1.048,,,
1046,show dcsperfstate,Rbm,,0.251,,,
1047,show pmu,Rbm,,0.157,,,
1048,rbm-row-hammer-test -tout 300,Rbm,,302.298,299,64.63,0
1049,.templog,Rbm,,1.586,,,
1050,.rfl,Rbm,,0.124,,,
1051,.sns-maxtemp,Rbm,,0.047,,,
1052,.tel,Rbm,,0.707,,,
1053,.rbmlog,Rbm,,2.006,,,
1054,.apsc_log,Rbm,,0.062,,,
1055,.mtq,Rbm,,0.11,,,
1056,.rbm_s,Rbm,,1.306,,,
1057,reset,Rbm,,0.016,,,
1058,pmu: flt (sera) 0f:08:00:00,Rbm,,2.372,,,
1059,ðŸ“Œ Reboot,Reboot,,15.006,,,
1060,phigh-state . cr,Rbm,,0.078,,,
1061,ehigh-state . cr,Rbm,,0.031,,,
1062,.temps,Rbm,,0.033,,,
1063,calc-pdvfms,Rbm,,0.094,,,
1064,calc-edvfms,Rbm,,0.095,,,
1065,true to dumppa2ddr?,Rbm,,0.031,,,
1066,show dvfm,Rbm,,2.854,,,
1067,show socperfstate,Rbm,,1.033,,,
1068,show dcsperfstate,Rbm,,0.25,,,
1069,show pmu,Rbm,,0.157,,,
1070,rbm-sram-virus -tout 300,Rbm,,303.344,297,84.13,0
1071,.templog,Rbm,,1.741,,,
1072,.rfl,Rbm,,0.126,,,
1073,.sns-maxtemp,Rbm,,0.046,,,
1074,.tel,Rbm,,0.706,,,
1075,.rbmlog,Rbm,,2.18,,,
1076,.apsc_log,Rbm,,0.062,,,
1077,.mtq,Rbm,,0.109,,,
1078,.rbm_s,Rbm,,1.165,,,
1079,reset,Rbm,,0.015,,,
1080,pmu: flt (sera) 0f:08:00:00,Rbm,,2.371,,,
1081,ðŸ“Œ Reboot,Reboot,,15.002,,,
1082,phigh-state . cr,Rbm,,0.093,,,
1083,ehigh-state . cr,Rbm,,0.016,,,
1084,.temps,Rbm,,0.031,,,
1085,calc-pdvfms,Rbm,,0.096,,,
1086,calc-edvfms,Rbm,,0.094,,,
1087,true to dumppa2ddr?,Rbm,,0.015,,,
1088,show dvfm,Rbm,,2.856,,,
1089,show socperfstate,Rbm,,1.033,,,
1090,show dcsperfstate,Rbm,,0.251,,,
1091,show pmu,Rbm,,0.157,,,
1092,rbm-plvcc -tout 300,Rbm,,301.256,296,103.6,4862
1093,.templog,Rbm,,1.691,,,
1094,.rfl,Rbm,,0.141,,,
1095,.sns-maxtemp,Rbm,,0.047,,,
1096,.tel,Rbm,,0.707,,,
1097,.rbmlog,Rbm,,2.148,,,
1098,.apsc_log,Rbm,,0.831,,,
1099,.mtq,Rbm,,0.157,,,
1100,.rbm_s,Rbm,,1.179,,,
1101,reset,Rbm,,0.015,,,
1102,pmu: flt (sera) 0f:08:00:00,Rbm,,2.371,,,
1103,ðŸ“Œ Reboot,Reboot,,14.985,,,
1104,phigh-state . cr,Rbm,,0.093,,,
1105,ehigh-state . cr,Rbm,,0.016,,,
1106,.temps,Rbm,,0.031,,,
1107,calc-pdvfms,Rbm,,0.095,,,
1108,calc-edvfms,Rbm,,0.094,,,
1109,true to dumppa2ddr?,Rbm,,0.016,,,
1110,show dvfm,Rbm,,2.854,,,
1111,show socperfstate,Rbm,,1.046,,,
1112,show dcsperfstate,Rbm,,0.251,,,
1113,show pmu,Rbm,,0.156,,,
1114,rbm-dvfm-soc-dcs-pgt -tout 300,Rbm,,311.658,294,91.57,1
1115,.templog,Rbm,,1.68,,,
1116,.rfl,Rbm,,0.125,,,
1117,.sns-maxtemp,Rbm,,0.047,,,
1118,.tel,Rbm,,0.706,,,
1119,.rbmlog,Rbm,,2.118,,,
1120,.apsc_log,Rbm,,0.831,,,
1121,.mtq,Rbm,,2.478,,,
1122,.rbm_s,Rbm,,1.241,,,
1123,reset,Rbm,,0.016,,,
1124,pmu: flt (sera) 0f:08:00:00,Rbm,,2.371,,,
1125,ðŸ“Œ Reboot,Reboot,,15.001,,,
1126,phigh-state . cr,Rbm,,0.093,,,
1127,ehigh-state . cr,Rbm,,0.016,,,
1128,.temps,Rbm,,0.031,,,
1129,calc-pdvfms,Rbm,,0.094,,,
1130,calc-edvfms,Rbm,,0.094,,,
1131,true to dumppa2ddr?,Rbm,,0.016,,,
1132,show dvfm,Rbm,,2.853,,,
1133,show socperfstate,Rbm,,1.017,,,
1134,show dcsperfstate,Rbm,,0.251,,,
1135,show pmu,Rbm,,0.157,,,
1136,rbm-amx-pv1-pcore -tout 300,Rbm,,304.351,297,106.28,23392
1137,.templog,Rbm,,1.723,,,
1138,.rfl,Rbm,,0.125,,,
1139,.sns-maxtemp,Rbm,,0.048,,,
1140,.tel,Rbm,,0.705,,,
1141,.rbmlog,Rbm,,2.148,,,
1142,.apsc_log,Rbm,,0.83,,,
1143,.mtq,Rbm,,0.156,,,
1144,.rbm_s,Rbm,,5.027,,,
1145,reset,Rbm,,0.015,,,
1146,pmu: flt (sera) 0f:08:00:00,Rbm,,2.371,,,
1147,ðŸ“Œ Reboot,Reboot,,18.107,,,
1148,rtc --set 20211112120942,Diags,,0.031,,,
1149,syscfg print MLB#,Diags,,0.016,,,
1150,cbwrite 2 fail A_2.31.4.4-M_2.1.0-S_0.3-TP_B1_V1_3.f2 --hex,Diags,,0.031,,,
1151,cbread 0x02,Diags,,0.016,,,
1152,cbread 0x02,Diags,,0.016,,,
1153,syscfg list,Diags,,0.203,,,
1154,shutdown,Diags,,0.13,,,
